{
  "file": "Golf_Ball_holder_Clip",
  "read_success": true,
  "triangle_count": 75460,
  "degenerate_count": 3,
  "bounding_box": {
    "min": [
      -24.343135833740234,
      -55.96054458618164,
      -10.0,
      -24.343135833740234,
      -55.96054458618164,
      -10.0,
      -24.343135833740234,
      -55.96054458618164,
      -10.0
    ],
    "max": [
      72.86189270019531,
      9.960664749145508,
      10.0,
      72.86189270019531,
      9.960664749145508,
      10.0,
      72.86189270019531,
      9.960664749145508,
      10.0
    ]
  },
  "file_size_bytes": 3773084,
  "flags": [
    "DEGENERATE_GEOMETRY"
  ],
  "confidence": "MEDIUM"
}