{
  "file": "mobile_controller_stlp",
  "read_success": true,
  "triangle_count": 34030,
  "degenerate_count": 0,
  "bounding_box": {
    "min": [
      -73.58899688720703,
      -28.78046989440918,
      -29.188785552978516,
      -73.58899688720703,
      -28.78046989440918,
      -29.188785552978516,
      -73.58899688720703,
      -28.78046989440918,
      -29.188785552978516
    ],
    "max": [
      102.88899230957031,
      21.973777770996094,
      44.774173736572266,
      102.88899230957031,
      21.973777770996094,
      44.774173736572266,
      102.88899230957031,
      21.973777770996094,
      44.774173736572266
    ]
  },
  "file_size_bytes": 1701584,
  "flags": [],
  "confidence": "HIGH"
}